{"cameraMode":{"drawMode":0,"name":"Shaded","section":"Shading Mode"},"sceneLighting":true,"audioPlay":false,"sceneViewState":{"m_AlwaysRefresh":false,"showFog":true,"showSkybox":true,"showFlares":true,"showImageEffects":true,"showParticleSystems":true,"showVisualEffectGraphs":true,"m_FxEnabled":true},"in2DMode":false,"pivot":{"x":1.0760629177093506,"y":1.3659440279006959,"z":-0.6351819038391113},"rotation":{"x":-0.039449457079172137,"y":0.9591450095176697,"z":-0.2228674590587616,"w":-0.1697818785905838},"size":1.5396450757980347,"orthographic":false}